나라,도시,Latitude,Longitude,icon
그리스,산토리니,36.3931562,25.4615092,C:\Users\home\Desktop\wishmaps\roiwishmaps\icon그리스.png
그리스,미코노스,37.4414601,25.3667218,C:\Users\home\Desktop\wishmaps\roiwishmaps\icon홍콩.png
그리스,크레타,35.240117,24.8092691,C:\Users\home\Desktop\wishmaps\roiwishmaps\icon홍콩.png
그리스,케르키라,39.6242621,19.9216777,C:\Users\home\Desktop\wishmaps\roiwishmaps\icon홍콩.png
그리스,칼라마타,37.0366386,22.1143716,C:\Users\home\Desktop\wishmaps\roiwishmaps\icon홍콩.png
그린란드,누크,64.1743234,-51.7372787,C:\Users\home\Desktop\wishmaps\roiwishmaps\icon홍콩.png
그린란드,시시미우트,66.9394722,-53.6733857,C:\Users\home\Desktop\wishmaps\roiwishmaps\icon홍콩.png
그린란드,앙그막쌀릭,65.6134561,-37.6335696,C:\Users\home\Desktop\wishmaps\roiwishmaps\icon홍콩.png
남극,남극,-82.8627519,135,C:\Users\home\Desktop\wishmaps\roiwishmaps\icon홍콩.png
남아프리카공화국,케이프타운,-33.9248685,18.4240553,C:\Users\home\Desktop\wishmaps\roiwishmaps\icon홍콩.png
남아프리카공화국,요하네스버그,-26.2041028,28.0473051,C:\Users\home\Desktop\wishmaps\roiwishmaps\icon홍콩.png
남아프리카공화국,사우스 케이프 DC,-33.5880144,23.0965064,C:\Users\home\Desktop\wishmaps\roiwishmaps\icon홍콩.png
네덜란드,로테르담,51.9244201,4.4777325,C:\Users\home\Desktop\wishmaps\roiwishmaps\icon홍콩.png
네덜란드,덴하그,52.0704978,4.3006999,C:\Users\home\Desktop\wishmaps\roiwishmaps\icon홍콩.png
네덜란드,델프트,52.0115769,4.3570677,C:\Users\home\Desktop\wishmaps\roiwishmaps\icon홍콩.png
네팔,카트만두,27.7172453,85.3239605,C:\Users\home\Desktop\wishmaps\roiwishmaps\icon홍콩.png
네팔,포카라,28.2095831,83.9855674,C:\Users\home\Desktop\wishmaps\roiwishmaps\icon홍콩.png
네팔,랄릿푸르,24.6911707,78.4138183,C:\Users\home\Desktop\wishmaps\roiwishmaps\icon홍콩.png
네팔,카트만두,27.7172453,85.3239605,C:\Users\home\Desktop\wishmaps\roiwishmaps\icon홍콩.png
노르웨이,오슬로,59.9138688,10.7522454,C:\Users\home\Desktop\wishmaps\roiwishmaps\icon홍콩.png
노르웨이,트론헤임,63.4305149,10.3950528,C:\Users\home\Desktop\wishmaps\roiwishmaps\icon홍콩.png
노르웨이,헤우게순,59.413581,5.2679869,C:\Users\home\Desktop\wishmaps\roiwishmaps\icon홍콩.png
누벨칼레도니,누벨칼레도니,-20.904305,165.618042,C:\Users\home\Desktop\wishmaps\roiwishmaps\icon홍콩.png
뉴질랜드,오클랜드,-36.8508827,174.7644881,C:\Users\home\Desktop\wishmaps\roiwishmaps\icon홍콩.png
뉴질랜드,웰링턴,-41.2923814,174.7787463,C:\Users\home\Desktop\wishmaps\roiwishmaps\icon홍콩.png
뉴질랜드,크라이스트처치,-43.5320214,172.6305589,C:\Users\home\Desktop\wishmaps\roiwishmaps\icon홍콩.png
뉴질랜드,퀸스타운,-45.0301511,168.6615141,C:\Users\home\Desktop\wishmaps\roiwishmaps\icon홍콩.png
뉴질랜드,로토루아,-38.1445987,176.2377669,C:\Users\home\Desktop\wishmaps\roiwishmaps\icon홍콩.png
뉴질랜드,더니든,-45.8795455,170.5005957,C:\Users\home\Desktop\wishmaps\roiwishmaps\icon홍콩.png
뉴질랜드,넬슨,-41.2985321,173.2443635,C:\Users\home\Desktop\wishmaps\roiwishmaps\icon홍콩.png
뉴질랜드,Hamilton,-37.78348628,175.2536306,C:\Users\home\Desktop\wishmaps\roiwishmaps\icon홍콩.png
뉴질랜드,네이피어,-39.4892664,176.9191904,C:\Users\home\Desktop\wishmaps\roiwishmaps\icon홍콩.png
뉴질랜드,인버카길,-46.4178708,168.3614659,C:\Users\home\Desktop\wishmaps\roiwishmaps\icon홍콩.png
대만,가오슝,22.6272784,120.3014353,C:\Users\home\Desktop\wishmaps\roiwishmaps\icon홍콩.png
대만,타이페이,25.0329636,121.5654268,C:\Users\home\Desktop\wishmaps\roiwishmaps\icon홍콩.png
덴마크,코펜하겐,55.6760968,12.5683371,C:\Users\home\Desktop\wishmaps\roiwishmaps\icon홍콩.png
덴마크,오르후스,56.162939,10.203921,C:\Users\home\Desktop\wishmaps\roiwishmaps\icon홍콩.png
덴마크,올보르그,57.0488195,9.921747,C:\Users\home\Desktop\wishmaps\roiwishmaps\icon홍콩.png
독일,뮌헨,48.1351253,11.5819806,C:\Users\home\Desktop\wishmaps\roiwishmaps\icon홍콩.png
독일,쾰른,50.937531,6.9602786,C:\Users\home\Desktop\wishmaps\roiwishmaps\icon홍콩.png
독일,하이델베르크,49.3987524,8.6724335,C:\Users\home\Desktop\wishmaps\roiwishmaps\icon홍콩.png
독일,뉘른베르크,49.4521018,11.0766654,C:\Users\home\Desktop\wishmaps\roiwishmaps\icon홍콩.png
러시아,모스크바,55.755826,37.6173,C:\Users\home\Desktop\wishmaps\roiwishmaps\icon홍콩.png
러시아,블라디보스토크,43.1332484,131.9112975,C:\Users\home\Desktop\wishmaps\roiwishmaps\icon홍콩.png
러시아,상트페테르부르크,59.9310584,30.3609097,C:\Users\home\Desktop\wishmaps\roiwishmaps\icon홍콩.png
러시아,이르쿠츠크,52.2854834,104.2890222,C:\Users\home\Desktop\wishmaps\roiwishmaps\icon홍콩.png
러시아,하바롭스크,48.4814433,135.0720667,C:\Users\home\Desktop\wishmaps\roiwishmaps\icon홍콩.png
루마니아,시비우,45.8034789,24.1449997,C:\Users\home\Desktop\wishmaps\roiwishmaps\icon홍콩.png
루마니아,브라소브,45.6426802,25.5887252,C:\Users\home\Desktop\wishmaps\roiwishmaps\icon홍콩.png
루마니아,티미쇼아라,45.7488716,21.2086793,C:\Users\home\Desktop\wishmaps\roiwishmaps\icon홍콩.png
리히텐슈타인,바두츠,47.1410303,9.5209277,C:\Users\home\Desktop\wishmaps\roiwishmaps\icon홍콩.png
리히텐슈타인,Malbun,47.1015157,9.6096276,C:\Users\home\Desktop\wishmaps\roiwishmaps\icon홍콩.png
마다가스카르,안타나나리보,-18.8791902,47.5079055,C:\Users\home\Desktop\wishmaps\roiwishmaps\icon홍콩.png
마다가스카르,피아나란초아,-21.4546147,47.0875045,C:\Users\home\Desktop\wishmaps\roiwishmaps\icon홍콩.png
마다가스카르,토아마시나,-18.1442811,49.3957836,C:\Users\home\Desktop\wishmaps\roiwishmaps\icon홍콩.png
마다가스카르,안치라나나,-12.3231349,49.2942833,C:\Users\home\Desktop\wishmaps\roiwishmaps\icon홍콩.png
말레이시아,쿠알라룸푸르,3.1319197,101.6840589,C:\Users\home\Desktop\wishmaps\roiwishmaps\icon홍콩.png
말레이시아,조지타운,38.9097057,-77.0653565,C:\Users\home\Desktop\wishmaps\roiwishmaps\icon홍콩.png
말레이시아,랑카위,6.35,99.8,C:\Users\home\Desktop\wishmaps\roiwishmaps\icon홍콩.png
말레이시아,코타키나발루,5.980408,116.0734568,C:\Users\home\Desktop\wishmaps\roiwishmaps\icon홍콩.png
말레이시아,페낭,5.2632341,100.4846227,C:\Users\home\Desktop\wishmaps\roiwishmaps\icon홍콩.png
멕시코,멕시코시티,19.4326077,-99.133208,C:\Users\home\Desktop\wishmaps\roiwishmaps\icon홍콩.png
멕시코,툴룸,20.2114185,-87.4653502,C:\Users\home\Desktop\wishmaps\roiwishmaps\icon홍콩.png
멕시코,오악사카,17.0731842,-96.7265889,C:\Users\home\Desktop\wishmaps\roiwishmaps\icon홍콩.png
멕시코,메리다,20.96594034,-89.59206634,C:\Users\home\Desktop\wishmaps\roiwishmaps\icon홍콩.png
멕시코,과나후아토,21.0190145,-101.2573586,C:\Users\home\Desktop\wishmaps\roiwishmaps\icon홍콩.png
멕시코,푸에블라,19.0414398,-98.2062727,C:\Users\home\Desktop\wishmaps\roiwishmaps\icon홍콩.png
멕시코,산 미겔 데 아옌데,20.9144491,-100.745235,C:\Users\home\Desktop\wishmaps\roiwishmaps\icon홍콩.png
멕시코,과달라하라,20.6596988,-103.3496092,C:\Users\home\Desktop\wishmaps\roiwishmaps\icon홍콩.png
멕시코,치첸이트사,20.6842849,-88.5677826,C:\Users\home\Desktop\wishmaps\roiwishmaps\icon홍콩.png
멕시코,푸에르토바야르타,20.653407,-105.2253316,C:\Users\home\Desktop\wishmaps\roiwishmaps\icon홍콩.png
모로코,마라케시,31.6225224,-7.9898258,C:\Users\home\Desktop\wishmaps\roiwishmaps\icon홍콩.png
모로코,페스,34.0181246,-5.0078451,C:\Users\home\Desktop\wishmaps\roiwishmaps\icon홍콩.png
모로코,카사블랑카,33.5731104,-7.5898434,C:\Users\home\Desktop\wishmaps\roiwishmaps\icon홍콩.png
모로코,에사우이라,31.5084926,-9.7595041,C:\Users\home\Desktop\wishmaps\roiwishmaps\icon홍콩.png
모로코,탠지어,35.7594651,-5.8339543,C:\Users\home\Desktop\wishmaps\roiwishmaps\icon홍콩.png
모로코,와르자자트,30.9335436,-6.937016,C:\Users\home\Desktop\wishmaps\roiwishmaps\icon홍콩.png
몬테네그로,코토르,42.424662,18.771234,C:\Users\home\Desktop\wishmaps\roiwishmaps\icon홍콩.png
몬테네그로,부드바,42.2911489,18.840295,C:\Users\home\Desktop\wishmaps\roiwishmaps\icon홍콩.png
몬테네그로,헤르체그노비,42.4572478,18.5314753,C:\Users\home\Desktop\wishmaps\roiwishmaps\icon홍콩.png
몬테네그로,체티네,42.3930959,18.9115964,C:\Users\home\Desktop\wishmaps\roiwishmaps\icon홍콩.png
몰디브,말레,4.1754959,73.5093474,C:\Users\home\Desktop\wishmaps\roiwishmaps\icon홍콩.png
몰타,발레타,35.8992375,14.5140996,C:\Users\home\Desktop\wishmaps\roiwishmaps\icon홍콩.png
몰타,임디나,35.8863691,14.4031146,C:\Users\home\Desktop\wishmaps\roiwishmaps\icon홍콩.png
몰타,세인트줄리언스,51.6009235,-2.9796352,C:\Users\home\Desktop\wishmaps\roiwishmaps\icon홍콩.png
몽골,울란바토르,47.8863988,106.9057439,C:\Users\home\Desktop\wishmaps\roiwishmaps\icon홍콩.png
미국,시카고,41.8781136,-87.6297982,C:\Users\home\Desktop\wishmaps\roiwishmaps\icon홍콩.png
미국,뉴올리언스,29.9510658,-90.0715323,C:\Users\home\Desktop\wishmaps\roiwishmaps\icon홍콩.png
미국,마이애미,25.7616798,-80.1917902,C:\Users\home\Desktop\wishmaps\roiwishmaps\icon홍콩.png
미국,시애틀,47.6061389,-122.3328481,C:\Users\home\Desktop\wishmaps\roiwishmaps\icon홍콩.png
미국,필라델피아,39.9525839,-75.1652215,C:\Users\home\Desktop\wishmaps\roiwishmaps\icon홍콩.png
미국,덴버,39.7392358,-104.990251,C:\Users\home\Desktop\wishmaps\roiwishmaps\icon홍콩.png
미국,호놀룰루,21.3098845,-157.8581401,C:\Users\home\Desktop\wishmaps\roiwishmaps\icon홍콩.png
미국,그랜드캐년,36.2678855,-112.3535253,C:\Users\home\Desktop\wishmaps\roiwishmaps\icon홍콩.png
미국,옐로스톤 국립공원,44.427963,-110.588455,C:\Users\home\Desktop\wishmaps\roiwishmaps\icon홍콩.png
미국,올랜도,28.5383832,-81.3789269,C:\Users\home\Desktop\wishmaps\roiwishmaps\icon홍콩.png
베트남,다낭,16.0544563,108.0717219,C:\Users\home\Desktop\wishmaps\roiwishmaps\icon홍콩.png
베트남,푸꾸옥,10.1627424,103.9981601,C:\Users\home\Desktop\wishmaps\roiwishmaps\icon홍콩.png
베트남,냐짱,12.2529152,109.1899018,C:\Users\home\Desktop\wishmaps\roiwishmaps\icon홍콩.png
베트남,달랏,11.9404192,108.4583132,C:\Users\home\Desktop\wishmaps\roiwishmaps\icon홍콩.png
베트남,호치민,10.8230989,106.6296638,C:\Users\home\Desktop\wishmaps\roiwishmaps\icon홍콩.png
벨기에,브뤼셀,50.8476424,4.3571696,C:\Users\home\Desktop\wishmaps\roiwishmaps\icon홍콩.png
벨기에,안트베르펜,51.2213404,4.4051485,C:\Users\home\Desktop\wishmaps\roiwishmaps\icon홍콩.png
벨기에,루벤,50.8822871,4.7137645,C:\Users\home\Desktop\wishmaps\roiwishmaps\icon홍콩.png
벨라루스,민스크,53.9006011,27.558972,C:\Users\home\Desktop\wishmaps\roiwishmaps\icon홍콩.png
보스니아 헤르체고비나,사라예보,43.8562586,18.4130763,C:\Users\home\Desktop\wishmaps\roiwishmaps\icon홍콩.png
보스니아 헤르체고비나,모스타르,43.3437748,17.8077578,C:\Users\home\Desktop\wishmaps\roiwishmaps\icon홍콩.png
보스니아 헤르체고비나,바냐루카,44.7721811,17.191,C:\Users\home\Desktop\wishmaps\roiwishmaps\icon홍콩.png
보스니아 헤르체고비나,야이체,44.3398061,17.2712934,C:\Users\home\Desktop\wishmaps\roiwishmaps\icon홍콩.png
보스니아 헤르체고비나,비셰그라드,47.7829694,18.9733392,C:\Users\home\Desktop\wishmaps\roiwishmaps\icon홍콩.png
보스니아 헤르체고비나,비하치,44.8119628,15.8685645,C:\Users\home\Desktop\wishmaps\roiwishmaps\icon홍콩.png
볼리비아,라파스,-16.489689,-68.1192936,C:\Users\home\Desktop\wishmaps\roiwishmaps\icon홍콩.png
볼리비아,포토시,-19.5722805,-65.7550063,C:\Users\home\Desktop\wishmaps\roiwishmaps\icon홍콩.png
북 마케도니아,프릴레프,41.3440827,21.5527922,C:\Users\home\Desktop\wishmaps\roiwishmaps\icon홍콩.png
북 마케도니아,Велес,41.7166558,21.77154551,C:\Users\home\Desktop\wishmaps\roiwishmaps\icon홍콩.png
북극,북극,76.2505778,-100.1139521,C:\Users\home\Desktop\wishmaps\roiwishmaps\icon홍콩.png
불가리아,바르나,43.2140504,27.9147333,C:\Users\home\Desktop\wishmaps\roiwishmaps\icon홍콩.png
불가리아,부르가스,42.5047926,27.4626361,C:\Users\home\Desktop\wishmaps\roiwishmaps\icon홍콩.png
브라질,리우데자네이루,-22.9068467,-43.1728965,C:\Users\home\Desktop\wishmaps\roiwishmaps\icon홍콩.png
브라질,상파울로,-23.5557714,-46.6395571,C:\Users\home\Desktop\wishmaps\roiwishmaps\icon홍콩.png
세르비아,베오그라드,44.8125449,20.46123,C:\Users\home\Desktop\wishmaps\roiwishmaps\icon홍콩.png
세르비아,니슈,43.320926,21.8954069,C:\Users\home\Desktop\wishmaps\roiwishmaps\icon홍콩.png
세르비아,수보티차,46.0969581,19.65763,C:\Users\home\Desktop\wishmaps\roiwishmaps\icon홍콩.png
세이셸,빅토리아,48.4284207,-123.3656444,C:\Users\home\Desktop\wishmaps\roiwishmaps\icon홍콩.png
세이셸,쁘하슬랑,48.5567329,2.6928498,C:\Users\home\Desktop\wishmaps\roiwishmaps\icon홍콩.png
세이셸,Baie Ste Anne,47.05259,-64.9524579,C:\Users\home\Desktop\wishmaps\roiwishmaps\icon홍콩.png
세이셸,라 디그,45.8678815,4.1225591,C:\Users\home\Desktop\wishmaps\roiwishmaps\icon홍콩.png
스웨덴,스톡홀름,59.3293235,18.0685808,C:\Users\home\Desktop\wishmaps\roiwishmaps\icon홍콩.png
스웨덴,예테보리,57.70887,11.97456,C:\Users\home\Desktop\wishmaps\roiwishmaps\icon홍콩.png
스웨덴,키루나,67.8557995,20.2252821,C:\Users\home\Desktop\wishmaps\roiwishmaps\icon홍콩.png
스웨덴,외레브로,59.2752626,15.2134105,C:\Users\home\Desktop\wishmaps\roiwishmaps\icon홍콩.png
스위스,취리히,47.3768866,8.541694,C:\Users\home\Desktop\wishmaps\roiwishmaps\icon홍콩.png
스위스,루체른,47.0501682,8.3093072,C:\Users\home\Desktop\wishmaps\roiwishmaps\icon홍콩.png
스위스,바젤,47.5595986,7.5885761,C:\Users\home\Desktop\wishmaps\roiwishmaps\icon홍콩.png
스위스,루가노,46.0036778,8.951052,C:\Users\home\Desktop\wishmaps\roiwishmaps\icon홍콩.png
스위스,생모리츠,46.4907973,9.8355079,C:\Users\home\Desktop\wishmaps\roiwishmaps\icon홍콩.png
스위스,라우터브루넨,46.5935058,7.9090981,C:\Users\home\Desktop\wishmaps\roiwishmaps\icon홍콩.png
스페인,바르셀로나,41.3873974,2.168568,C:\Users\home\Desktop\wishmaps\roiwishmaps\icon홍콩.png
스페인,발렌시아,39.4699075,-0.3762881,C:\Users\home\Desktop\wishmaps\roiwishmaps\icon홍콩.png
스페인,코르도바,37.8881751,-4.7793835,C:\Users\home\Desktop\wishmaps\roiwishmaps\icon홍콩.png
스페인,이비자,39.0200099,1.4821482,C:\Users\home\Desktop\wishmaps\roiwishmaps\icon홍콩.png
스페인,팜플로나,42.812526,-1.6457745,C:\Users\home\Desktop\wishmaps\roiwishmaps\icon홍콩.png
슬로베니아,마리보르,46.5546503,15.6458812,C:\Users\home\Desktop\wishmaps\roiwishmaps\icon홍콩.png
슬로베니아,프투이,46.4199535,15.8696884,C:\Users\home\Desktop\wishmaps\roiwishmaps\icon홍콩.png
슬로베니아,크란,46.2428344,14.3555417,C:\Users\home\Desktop\wishmaps\roiwishmaps\icon홍콩.png
신트마르턴,필립스부르크,18.0295839,-63.0471371,C:\Users\home\Desktop\wishmaps\roiwishmaps\icon홍콩.png
싱가포르,싱가포르,1.352083,103.819836,C:\Users\home\Desktop\wishmaps\roiwishmaps\icon홍콩.png
아르헨티나,부에노스 아이레스,-34.6036844,-58.3815591,C:\Users\home\Desktop\wishmaps\roiwishmaps\icon홍콩.png
아르헨티나,산카를로스데바릴로체,-41.1334722,-71.3102778,C:\Users\home\Desktop\wishmaps\roiwishmaps\icon홍콩.png
아르헨티나,우수아이아,-54.8019121,-68.3029511,C:\Users\home\Desktop\wishmaps\roiwishmaps\icon홍콩.png
아르헨티나,마르델플라타,-38.0054771,-57.5426106,C:\Users\home\Desktop\wishmaps\roiwishmaps\icon홍콩.png
아이슬란드,레이캬비크,64.1469868,-21.9407552,C:\Users\home\Desktop\wishmaps\roiwishmaps\icon홍콩.png
아이슬란드,하프나르피외르뒤르,64.0668935,-21.9546958,C:\Users\home\Desktop\wishmaps\roiwishmaps\icon홍콩.png
아이슬란드,비크이뮈르달,63.4176505,-18.9974395,C:\Users\home\Desktop\wishmaps\roiwishmaps\icon홍콩.png
아이슬란드,후사비크,66.047451,-17.3439079,C:\Users\home\Desktop\wishmaps\roiwishmaps\icon홍콩.png
아이슬란드,그린다비크,63.8433896,-22.4359996,C:\Users\home\Desktop\wishmaps\roiwishmaps\icon홍콩.png
아일랜드,더블린,53.3498053,-6.2603097,C:\Users\home\Desktop\wishmaps\roiwishmaps\icon홍콩.png
아일랜드,코크,51.8985143,-8.4756035,C:\Users\home\Desktop\wishmaps\roiwishmaps\icon홍콩.png
안도라,안도라라베야,42.5063174,1.5218355,C:\Users\home\Desktop\wishmaps\roiwishmaps\icon홍콩.png
안도라,Soldeu,42.577791,1.6660487,C:\Users\home\Desktop\wishmaps\roiwishmaps\icon홍콩.png
알바니아,베라트,40.7086377,19.9437314,C:\Users\home\Desktop\wishmaps\roiwishmaps\icon홍콩.png
알바니아,코르처,40.6140785,20.7778071,C:\Users\home\Desktop\wishmaps\roiwishmaps\icon홍콩.png
에스토니아,탈린,59.4369608,24.7535746,C:\Users\home\Desktop\wishmaps\roiwishmaps\icon홍콩.png
에스토니아,나르바,59.3796931,28.179075,C:\Users\home\Desktop\wishmaps\roiwishmaps\icon홍콩.png
에스토니아,쿠레사레,58.2549526,22.4918977,C:\Users\home\Desktop\wishmaps\roiwishmaps\icon홍콩.png
영국,Liverpool,53.40764675,-2.991935378,C:\Users\home\Desktop\wishmaps\roiwishmaps\icon홍콩.png
영국,옥스퍼드,51.7520209,-1.2577263,C:\Users\home\Desktop\wishmaps\roiwishmaps\icon홍콩.png
영국,브리스톨,51.454513,-2.58791,C:\Users\home\Desktop\wishmaps\roiwishmaps\icon홍콩.png
영국,요크,53.9614205,-1.0739108,C:\Users\home\Desktop\wishmaps\roiwishmaps\icon홍콩.png
영국령 버진 아일랜드,로드타운,18.4286115,-64.6184657,C:\Users\home\Desktop\wishmaps\roiwishmaps\icon홍콩.png
영국령 버진 아일랜드,데 베쓰,18.43060578,-64.44371322,C:\Users\home\Desktop\wishmaps\roiwishmaps\icon홍콩.png
오스트리아,잘츠부르크,47.80949,13.05501,C:\Users\home\Desktop\wishmaps\roiwishmaps\icon홍콩.png
오스트리아,할슈타트,47.5622342,13.6492617,C:\Users\home\Desktop\wishmaps\roiwishmaps\icon홍콩.png
우루과이,콜로니아델사크라멘토,-34.4635328,-57.8346094,C:\Users\home\Desktop\wishmaps\roiwishmaps\icon홍콩.png
이스라엘,텔아비브야파,32.049357,34.758355,C:\Users\home\Desktop\wishmaps\roiwishmaps\icon홍콩.png
이스라엘,예루살렘,31.768319,35.21371,C:\Users\home\Desktop\wishmaps\roiwishmaps\icon홍콩.png
이스라엘,하이파,32.7940463,34.989571,C:\Users\home\Desktop\wishmaps\roiwishmaps\icon홍콩.png
이스라엘,나자렛,32.699635,35.303546,C:\Users\home\Desktop\wishmaps\roiwishmaps\icon홍콩.png
이집트,다합,28.5091355,34.5136344,C:\Users\home\Desktop\wishmaps\roiwishmaps\icon홍콩.png
이집트,카이로,30.0444196,31.2357116,C:\Users\home\Desktop\wishmaps\roiwishmaps\icon홍콩.png
이집트,룩소르,25.6872431,32.6396357,C:\Users\home\Desktop\wishmaps\roiwishmaps\icon홍콩.png
이집트,후르가다,27.2578957,33.8116067,C:\Users\home\Desktop\wishmaps\roiwishmaps\icon홍콩.png
이집트,아스완,24.088938,32.8998293,C:\Users\home\Desktop\wishmaps\roiwishmaps\icon홍콩.png
이집트,알렉산드리아,31.2000924,29.9187387,C:\Users\home\Desktop\wishmaps\roiwishmaps\icon홍콩.png
이탈리아,베네치아,45.4408474,12.3155151,C:\Users\home\Desktop\wishmaps\roiwishmaps\icon홍콩.png
이탈리아,토리노,45.0703393,7.686864,C:\Users\home\Desktop\wishmaps\roiwishmaps\icon홍콩.png
이탈리아,시에나,43.318809,11.3307574,C:\Users\home\Desktop\wishmaps\roiwishmaps\icon홍콩.png
이탈리아,포시타노,40.6280528,14.4849812,C:\Users\home\Desktop\wishmaps\roiwishmaps\icon홍콩.png
이탈리아,루가노,46.0036778,8.951052,C:\Users\home\Desktop\wishmaps\roiwishmaps\icon홍콩.png
인도네시아,코모도섬,-8.5850461,119.4411476,C:\Users\home\Desktop\wishmaps\roiwishmaps\icon홍콩.png
인도네시아,발리,-8.3405389,115.0919509,C:\Users\home\Desktop\wishmaps\roiwishmaps\icon홍콩.png
인도네시아,길리섬,-8.351844021,116.0561632,C:\Users\home\Desktop\wishmaps\roiwishmaps\icon홍콩.png
인도네시아,자카르타,-6.2087634,106.845599,C:\Users\home\Desktop\wishmaps\roiwishmaps\icon홍콩.png
일본,삿포로,43.0617713,141.3544506,C:\Users\home\Desktop\wishmaps\roiwishmaps\icon홍콩.png
일본,교토,35.011564,135.7681489,C:\Users\home\Desktop\wishmaps\roiwishmaps\icon홍콩.png
일본,나고야,35.1814506,136.9065571,C:\Users\home\Desktop\wishmaps\roiwishmaps\icon홍콩.png
일본,나라,34.685109,135.8048019,C:\Users\home\Desktop\wishmaps\roiwishmaps\icon홍콩.png
일본,요코하마,35.4436739,139.6379639,C:\Users\home\Desktop\wishmaps\roiwishmaps\icon홍콩.png
일본,나가사키,32.7503334,129.8778888,C:\Users\home\Desktop\wishmaps\roiwishmaps\icon홍콩.png
잠비아,리빙스톤,-17.8519791,25.8285153,C:\Users\home\Desktop\wishmaps\roiwishmaps\icon홍콩.png
조지아,트빌리시,41.6938026,44.8015168,C:\Users\home\Desktop\wishmaps\roiwishmaps\icon홍콩.png
지브롤터,지브롤터,36.140751,-5.353585,C:\Users\home\Desktop\wishmaps\roiwishmaps\icon홍콩.png
체코,체스키크룸로프,48.8127354,14.3174657,C:\Users\home\Desktop\wishmaps\roiwishmaps\icon홍콩.png
체코,쿠트나호라,49.9524314,15.2686536,C:\Users\home\Desktop\wishmaps\roiwishmaps\icon홍콩.png
칠레,발파라조,-33.047238,-71.6126885,C:\Users\home\Desktop\wishmaps\roiwishmaps\icon홍콩.png
칠레,산페드로데아타카마,-22.9087073,-68.1997156,C:\Users\home\Desktop\wishmaps\roiwishmaps\icon홍콩.png
카보베르데,프라이아,14.93305,-23.5133267,C:\Users\home\Desktop\wishmaps\roiwishmaps\icon홍콩.png
카자흐스탄,알마티,43.2379761,76.8828618,C:\Users\home\Desktop\wishmaps\roiwishmaps\icon홍콩.png
카자흐스탄,아스타나,51.1655126,71.4272222,C:\Users\home\Desktop\wishmaps\roiwishmaps\icon홍콩.png
카자흐스탄,악토베,50.2839339,57.166978,C:\Users\home\Desktop\wishmaps\roiwishmaps\icon홍콩.png
카자흐스탄,아티라우,47.0944959,51.9238373,C:\Users\home\Desktop\wishmaps\roiwishmaps\icon홍콩.png
카자흐스탄,외스케멘,49.9749295,82.6017244,C:\Users\home\Desktop\wishmaps\roiwishmaps\icon홍콩.png
캄보디아,프놈펜,11.5563738,104.9282099,C:\Users\home\Desktop\wishmaps\roiwishmaps\icon홍콩.png
캄보디아,시아누크빌,10.6267867,103.5115545,C:\Users\home\Desktop\wishmaps\roiwishmaps\icon홍콩.png
캐나다,벤쿠버,49.2827291,-123.1207375,C:\Users\home\Desktop\wishmaps\roiwishmaps\icon홍콩.png
캐나다,캘거리,51.0447331,-114.0718831,C:\Users\home\Desktop\wishmaps\roiwishmaps\icon홍콩.png
캐나다,오타와,45.4215296,-75.6971931,C:\Users\home\Desktop\wishmaps\roiwishmaps\icon홍콩.png
캐나다,퀘벡,46.8130816,-71.2074596,C:\Users\home\Desktop\wishmaps\roiwishmaps\icon홍콩.png
캐나다,화이트호스,60.7197137,-135.0522761,C:\Users\home\Desktop\wishmaps\roiwishmaps\icon홍콩.png
캐나다,옐로나이프,62.4539717,-114.3717886,C:\Users\home\Desktop\wishmaps\roiwishmaps\icon홍콩.png
캐나다,밴프 국립 공원,51.4968464,-115.9280561,C:\Users\home\Desktop\wishmaps\roiwishmaps\icon홍콩.png
캐나다,나이아가라 폭포,43.0828162,-79.0741629,C:\Users\home\Desktop\wishmaps\roiwishmaps\icon홍콩.png
캐나다,야스퍼 국립 공원,52.8694052,-118.0759927,C:\Users\home\Desktop\wishmaps\roiwishmaps\icon홍콩.png
코소보,페치,46.0727345,18.232266,C:\Users\home\Desktop\wishmaps\roiwishmaps\icon홍콩.png
코소보,페리자이,42.3701844,21.1483281,C:\Users\home\Desktop\wishmaps\roiwishmaps\icon홍콩.png
코스타리카,산호세,37.33874,-121.8852525,C:\Users\home\Desktop\wishmaps\roiwishmaps\icon홍콩.png
코스타리카,라 포르투나,40.3580663,-3.7777452,C:\Users\home\Desktop\wishmaps\roiwishmaps\icon홍콩.png
콜롬비아,보고타,4.7109886,-74.072092,C:\Users\home\Desktop\wishmaps\roiwishmaps\icon홍콩.png
콜롬비아,메데인,6.2476376,-75.5658153,C:\Users\home\Desktop\wishmaps\roiwishmaps\icon홍콩.png
쿠바,하바나,23.1135925,-82.3665956,C:\Users\home\Desktop\wishmaps\roiwishmaps\icon홍콩.png
크로아티아,리예카,45.3270631,14.442176,C:\Users\home\Desktop\wishmaps\roiwishmaps\icon홍콩.png
크로아티아,마카르스카,43.2937769,17.0215239,C:\Users\home\Desktop\wishmaps\roiwishmaps\icon홍콩.png
크로아티아,포레치,45.2268187,13.5944023,C:\Users\home\Desktop\wishmaps\roiwishmaps\icon홍콩.png
태국,푸켓,7.8804479,98.3922504,C:\Users\home\Desktop\wishmaps\roiwishmaps\icon홍콩.png
태국,사무이섬,9.5120168,100.0135929,C:\Users\home\Desktop\wishmaps\roiwishmaps\icon홍콩.png
태국,피피섬,7.740738,98.77841,C:\Users\home\Desktop\wishmaps\roiwishmaps\icon홍콩.png
태국,파타야,12.9235557,100.8824551,C:\Users\home\Desktop\wishmaps\roiwishmaps\icon홍콩.png
태국,치앙라이,19.9104798,99.840576,C:\Users\home\Desktop\wishmaps\roiwishmaps\icon홍콩.png
태국,아유타야,14.3692325,100.5876634,C:\Users\home\Desktop\wishmaps\roiwishmaps\icon홍콩.png
태국,코사무이,9.5120168,100.0135929,C:\Users\home\Desktop\wishmaps\roiwishmaps\icon홍콩.png
태국,끄라비,8.1191811,99.1013498,C:\Users\home\Desktop\wishmaps\roiwishmaps\icon홍콩.png
통가,통가,-21.178986,-175.198242,C:\Users\home\Desktop\wishmaps\roiwishmaps\icon홍콩.png
튀니지,튀니스,36.8064948,10.1815316,C:\Users\home\Desktop\wishmaps\roiwishmaps\icon홍콩.png
튀르키에,이스탄불,41.0082376,28.9783589,C:\Users\home\Desktop\wishmaps\roiwishmaps\icon홍콩.png
튀르키에,앙카라,39.9333635,32.8597419,C:\Users\home\Desktop\wishmaps\roiwishmaps\icon홍콩.png
튀르키에,카파도키아,38.6586639,34.8531604,C:\Users\home\Desktop\wishmaps\roiwishmaps\icon홍콩.png
튀르키에,안탈리아,36.8968908,30.7133233,C:\Users\home\Desktop\wishmaps\roiwishmaps\icon홍콩.png
튀르키에,보드룸,37.034407,27.43054,C:\Users\home\Desktop\wishmaps\roiwishmaps\icon홍콩.png
튀르키에,마르딘,37.312903,40.733951,C:\Users\home\Desktop\wishmaps\roiwishmaps\icon홍콩.png
튀르키에,가지안테프,37.065953,37.37811,C:\Users\home\Desktop\wishmaps\roiwishmaps\icon홍콩.png
튀르키에,샨리우르파,37.1674039,38.7955149,C:\Users\home\Desktop\wishmaps\roiwishmaps\icon홍콩.png
파라과이,아순시온,-25.2637399,-57.575926,C:\Users\home\Desktop\wishmaps\roiwishmaps\icon홍콩.png
파푸아뉴기니,포트모르즈비,-9.4438004,147.1802671,C:\Users\home\Desktop\wishmaps\roiwishmaps\icon홍콩.png
페로 제도,클라스비크,62.2271922,-6.5779063,C:\Users\home\Desktop\wishmaps\roiwishmaps\icon홍콩.png
페루,리마,-12.0463731,-77.042754,C:\Users\home\Desktop\wishmaps\roiwishmaps\icon홍콩.png
페루,쿠스코,-13.53195,-71.9674626,C:\Users\home\Desktop\wishmaps\roiwishmaps\icon홍콩.png
페루,마추 픽추,-13.2263308,-72.4973215,C:\Users\home\Desktop\wishmaps\roiwishmaps\icon홍콩.png
페루,이키토스,-3.7437644,-73.2515532,C:\Users\home\Desktop\wishmaps\roiwishmaps\icon홍콩.png
페루,우앙카요,-12.0686357,-75.2102976,C:\Users\home\Desktop\wishmaps\roiwishmaps\icon홍콩.png
페루,이카,-14.07546,-75.7341811,C:\Users\home\Desktop\wishmaps\roiwishmaps\icon홍콩.png
페루,우아라스,-9.5261154,-77.5287792,C:\Users\home\Desktop\wishmaps\roiwishmaps\icon홍콩.png
포르투갈,신트라,38.8028687,-9.3816589,C:\Users\home\Desktop\wishmaps\roiwishmaps\icon홍콩.png
포르투갈,코임브라,40.2033145,-8.4102573,C:\Users\home\Desktop\wishmaps\roiwishmaps\icon홍콩.png
폴란드,크라쿠프,50.0646501,19.9449799,C:\Users\home\Desktop\wishmaps\roiwishmaps\icon홍콩.png
폴란드,바르샤바,52.2296756,21.0122287,C:\Users\home\Desktop\wishmaps\roiwishmaps\icon홍콩.png
폴란드,브로츠와프,51.1078852,17.0385376,C:\Users\home\Desktop\wishmaps\roiwishmaps\icon홍콩.png
폴란드,그다인스크,54.3520252,18.6466384,C:\Users\home\Desktop\wishmaps\roiwishmaps\icon홍콩.png
폴란드,포즈나뉴,52.406374,16.9251681,C:\Users\home\Desktop\wishmaps\roiwishmaps\icon홍콩.png
폴리네시아,Bora-Bora,-16.5004126,-151.7414904,C:\Users\home\Desktop\wishmaps\roiwishmaps\icon홍콩.png
푸에르토리코,산후안,18.4670588,-66.1184593,C:\Users\home\Desktop\wishmaps\roiwishmaps\icon홍콩.png
프랑스,마르세유,43.296482,5.36978,C:\Users\home\Desktop\wishmaps\roiwishmaps\icon홍콩.png
프랑스,니스,43.7101728,7.2619532,C:\Users\home\Desktop\wishmaps\roiwishmaps\icon홍콩.png
프랑스,스트라스부르,48.5734053,7.7521113,C:\Users\home\Desktop\wishmaps\roiwishmaps\icon홍콩.png
프랑스,툴루즈,43.604652,1.444209,C:\Users\home\Desktop\wishmaps\roiwishmaps\icon홍콩.png
프랑스,비아리츠,43.4831519,-1.558626,C:\Users\home\Desktop\wishmaps\roiwishmaps\icon홍콩.png
프랑스,샤모니,45.923697,6.869433,C:\Users\home\Desktop\wishmaps\roiwishmaps\icon홍콩.png
피지,나디,-17.7806257,177.4298961,C:\Users\home\Desktop\wishmaps\roiwishmaps\icon홍콩.png
피지,수바,-18.1405049,178.4232507,C:\Users\home\Desktop\wishmaps\roiwishmaps\icon홍콩.png
피지,야사와 섬,-16.7880861,177.5074315,C:\Users\home\Desktop\wishmaps\roiwishmaps\icon홍콩.png
피지,비티레부 섬,-17.8483187,178.0118473,C:\Users\home\Desktop\wishmaps\roiwishmaps\icon홍콩.png
핀란드,헬싱키,60.1698557,24.938379,C:\Users\home\Desktop\wishmaps\roiwishmaps\icon홍콩.png
핀란드,로바니에미,66.5039478,25.7293905,C:\Users\home\Desktop\wishmaps\roiwishmaps\icon홍콩.png
핀란드,투르쿠,60.4518126,22.2666303,C:\Users\home\Desktop\wishmaps\roiwishmaps\icon홍콩.png
핀란드,오울루,65.0120888,25.4650773,C:\Users\home\Desktop\wishmaps\roiwishmaps\icon홍콩.png
핀란드,포르보,60.3931919,25.6652739,C:\Users\home\Desktop\wishmaps\roiwishmaps\icon홍콩.png
헝가리,세게드,46.2530102,20.1414253,C:\Users\home\Desktop\wishmaps\roiwishmaps\icon홍콩.png
헝가리,죄르,47.6874569,17.6503974,C:\Users\home\Desktop\wishmaps\roiwishmaps\icon홍콩.png
호주,시드니,-33.8688197,151.2092955,C:\Users\home\Desktop\wishmaps\roiwishmaps\icon홍콩.png
호주,멜버른,-37.8136276,144.9630576,C:\Users\home\Desktop\wishmaps\roiwishmaps\icon홍콩.png
호주,브리즈번,-27.4704528,153.0260341,C:\Users\home\Desktop\wishmaps\roiwishmaps\icon홍콩.png
호주,퍼스,-31.9523123,115.861309,C:\Users\home\Desktop\wishmaps\roiwishmaps\icon홍콩.png
호주,애들레이드,-34.9284989,138.6007456,C:\Users\home\Desktop\wishmaps\roiwishmaps\icon홍콩.png
호주,캔버라,-35.2809368,149.1300092,C:\Users\home\Desktop\wishmaps\roiwishmaps\icon홍콩.png
호주,호바트,-42.8826055,147.3257196,C:\Users\home\Desktop\wishmaps\roiwishmaps\icon홍콩.png
호주,다윈 시티,-12.4637333,130.8444446,C:\Users\home\Desktop\wishmaps\roiwishmaps\icon홍콩.png
호주,케언스,-16.9203476,145.7709529,C:\Users\home\Desktop\wishmaps\roiwishmaps\icon홍콩.png
호주,앨리스스프링스,-23.698042,133.8807471,C:\Users\home\Desktop\wishmaps\roiwishmaps\icon홍콩.png